file,column,variable,type,unit,definition,source,access,used_by_pipeline,note
steps_claims_panel.csv,1,uuid,string,-,"Pseudonymous user identifier, constant across months.","Osaka Prefecture, A-Smile mHealth application (registration data and smartphone/wearable step counts)",Restricted; the linked person-month panel was provided by Osaka Prefecture for approved academic research under a data-use agreement that prohibits re-identification and re-provision to third parties. Not redistributed.,yes,Rows are grouped by uuid for the baseline/outcome windows and for the cluster bootstrap.
steps_claims_panel.csv,2,MonthYear,string,MM/YYYY,Calendar month of the record (duplicate of YearMonth in another format).,Author's construction,Restricted; the linked person-month panel was provided by Osaka Prefecture for approved academic research under a data-use agreement that prohibits re-identification and re-provision to third parties. Not redistributed.,no,Not read by the pipeline.
steps_claims_panel.csv,3,YearMonth,string,YYYY/MM,Calendar month of the record (index month).,Author's construction,Restricted; the linked person-month panel was provided by Osaka Prefecture for approved academic research under a data-use agreement that prohibits re-identification and re-provision to third parties. Not redistributed.,yes,Parsed to a date; records sorted by uuid and month.
steps_claims_panel.csv,4,COVID19,integer,0/1,"1 if a state of emergency was declared in Osaka Prefecture during the month, else 0.",Author's construction,Restricted; the linked person-month panel was provided by Osaka Prefecture for approved academic research under a data-use agreement that prohibits re-identification and re-provision to third parties. Not redistributed.,yes,Categorical term in the GAM.
steps_claims_panel.csv,5,Steps,float,steps/day,Monthly mean of daily step counts recorded by the app (no day-level exclusion of low-step days).,"Osaka Prefecture, A-Smile mHealth application (registration data and smartphone/wearable step counts)",Restricted; the linked person-month panel was provided by Osaka Prefecture for approved academic research under a data-use agreement that prohibits re-identification and re-provision to third parties. Not redistributed.,yes,Primary predictor; smooth term with 10 basis functions.
steps_claims_panel.csv,6,Cost,integer,JPY,Gross healthcare expenditure claimed in the month (insurer share plus patient copayment); 0 when no claim was recorded.,"Osaka Prefecture: National Health Insurance and Medical Care System for the Elderly claims, linked to A-Smile users by the prefecture",Restricted; the linked person-month panel was provided by Osaka Prefecture for approved academic research under a data-use agreement that prohibits re-identification and re-provision to third parties. Not redistributed.,yes,Summed over the following 6 months (outcome) and the previous 6 months (baseline). Months after a person leaves NHI at age 75 are recorded as 0; see README.
steps_claims_panel.csv,7,Sex,integer,"1 = male, 2 = female, 0 = other",Sex as registered in the app.,"Osaka Prefecture, A-Smile mHealth application (registration data and smartphone/wearable step counts)",Restricted; the linked person-month panel was provided by Osaka Prefecture for approved academic research under a data-use agreement that prohibits re-identification and re-provision to third parties. Not redistributed.,yes,Categorical term in the GAM.
steps_claims_panel.csv,8,Age,integer,years,Age in 2023; constant within each person across months.,"Osaka Prefecture, A-Smile mHealth application (registration data and smartphone/wearable step counts)",Restricted; the linked person-month panel was provided by Osaka Prefecture for approved academic research under a data-use agreement that prohibits re-identification and re-provision to third parties. Not redistributed.,yes,Smooth term. Rows with missing age are dropped. The 'corrected' variant converts it to age at the index month.
steps_claims_panel.csv,9,OlderAdults,string,Adults / OlderAdults,Age-group label (65+ = OlderAdults) derived from Age.,Author's construction,Restricted; the linked person-month panel was provided by Osaka Prefecture for approved academic research under a data-use agreement that prohibits re-identification and re-provision to third parties. Not redistributed.,no,Used only for the stratified analyses in the paper.
steps_claims_panel.csv,10,PostalCode,string,-,Residential postal code.,"Osaka Prefecture, A-Smile mHealth application (registration data and smartphone/wearable step counts)",Restricted; the linked person-month panel was provided by Osaka Prefecture for approved academic research under a data-use agreement that prohibits re-identification and re-provision to third parties. Not redistributed.,no,Not read by the pipeline.
steps_claims_panel.csv,11,BMI,float,kg/m2,Self-reported BMI with missing values coded as 0 (original coding).,"Osaka Prefecture, A-Smile mHealth application (registration data and smartphone/wearable step counts)",Restricted; the linked person-month panel was provided by Osaka Prefecture for approved academic research under a data-use agreement that prohibits re-identification and re-provision to third parties. Not redistributed.,fallback,Used only when the column 'BMI 2' is absent; zeros are then treated as missing.
steps_claims_panel.csv,12,BMI 2,float,kg/m2,Self-reported BMI with missing values coded as empty (corrected coding).,"Osaka Prefecture, A-Smile mHealth application (registration data and smartphone/wearable step counts)",Restricted; the linked person-month panel was provided by Osaka Prefecture for approved academic research under a data-use agreement that prohibits re-identification and re-provision to third parties. Not redistributed.,yes,"Missing values (47.8% of analytic person-months) imputed with 22.7, the median of individual-level mean BMI."
steps_claims_panel.csv,13,HealthCheck,integer,0/1,"1 if a health check-up was attended in the month, else 0.","Osaka Prefecture, A-Smile mHealth application (registration data and smartphone/wearable step counts)",Restricted; the linked person-month panel was provided by Osaka Prefecture for approved academic research under a data-use agreement that prohibits re-identification and re-provision to third parties. Not redistributed.,yes,Categorical term in the GAM.
steps_claims_panel.csv,14,NT,integer,0/1,"1 if the residence is in a designated new town, else 0.",Author's construction,Restricted; the linked person-month panel was provided by Osaka Prefecture for approved academic research under a data-use agreement that prohibits re-identification and re-provision to third parties. Not redistributed.,no,Not read by the pipeline.
steps_claims_panel.csv,15,SumMonth,integer,months,Number of months with app records for the user.,Author's construction,Restricted; the linked person-month panel was provided by Osaka Prefecture for approved academic research under a data-use agreement that prohibits re-identification and re-provision to third parties. Not redistributed.,no,Cohort restriction (12+ months of use) was applied upstream when the panel was built.
steps_claims_panel.csv,16,City,string,-,Municipality of residence (Japanese name).,Author's construction,Restricted; the linked person-month panel was provided by Osaka Prefecture for approved academic research under a data-use agreement that prohibits re-identification and re-provision to third parties. Not redistributed.,no,Not read by the pipeline.
steps_claims_panel.csv,17,NewTown,string,-,"New-town name of the residence, if any (Japanese name).",Author's construction,Restricted; the linked person-month panel was provided by Osaka Prefecture for approved academic research under a data-use agreement that prohibits re-identification and re-provision to third parties. Not redistributed.,no,Not read by the pipeline.
steps_claims_panel.csv,18,Type,string,-,"Housing type of the residence, if recorded (Japanese label).",Author's construction,Restricted; the linked person-month panel was provided by Osaka Prefecture for approved academic research under a data-use agreement that prohibits re-identification and re-provision to third parties. Not redistributed.,no,Not read by the pipeline.
